{"cameraMode":{"drawMode":0,"name":"Shaded","section":"Shading Mode"},"sceneLighting":false,"audioPlay":false,"sceneViewState":{"m_AlwaysRefresh":false,"showFog":true,"showSkybox":false,"showFlares":true,"showImageEffects":true,"showParticleSystems":true,"showVisualEffectGraphs":true,"m_FxEnabled":true},"in2DMode":false,"pivot":{"x":0.16914603114128114,"y":1.7518410682678223,"z":0.08112435787916184},"rotation":{"x":0.035099368542432788,"y":-0.7487159371376038,"z":0.6610460877418518,"w":0.039152324199676517},"size":0.9273618459701538,"orthographic":false}