{"cameraMode":{"drawMode":0,"name":"Shaded","section":"Shading Mode"},"sceneLighting":false,"audioPlay":false,"sceneViewState":{"m_AlwaysRefresh":false,"showFog":true,"showSkybox":false,"showFlares":true,"showImageEffects":true,"showParticleSystems":true,"showVisualEffectGraphs":true,"m_FxEnabled":true},"in2DMode":false,"pivot":{"x":0.4368193447589874,"y":-0.24506264925003053,"z":0.07611695677042008},"rotation":{"x":0.2187851071357727,"y":0.6643326878547669,"z":-0.21375997364521027,"w":0.6822011470794678},"size":0.8660255670547485,"orthographic":false}