{"cameraMode":{"drawMode":0,"name":"Shaded","section":"Shading Mode"},"sceneLighting":false,"audioPlay":false,"sceneViewState":{"m_AlwaysRefresh":false,"showFog":true,"showSkybox":false,"showFlares":true,"showImageEffects":true,"showParticleSystems":true,"showVisualEffectGraphs":true,"m_FxEnabled":true},"in2DMode":false,"pivot":{"x":0.15082137286663056,"y":-0.27142244577407839,"z":0.20388758182525636},"rotation":{"x":0.022016452625393869,"y":0.9335126280784607,"z":-0.35331955552101138,"w":0.0586477592587471},"size":0.8660253882408142,"orthographic":false}