{"cameraMode":{"drawMode":0,"name":"Shaded","section":"Shading Mode"},"sceneLighting":false,"audioPlay":false,"sceneViewState":{"m_AlwaysRefresh":false,"showFog":true,"showSkybox":false,"showFlares":true,"showImageEffects":true,"showParticleSystems":true,"showVisualEffectGraphs":true,"m_FxEnabled":true},"in2DMode":false,"pivot":{"x":-0.32899999618530276,"y":0.04069995880126953,"z":-0.17690002918243409},"rotation":{"x":0.2399846911430359,"y":0.5308800339698792,"z":-0.16046124696731568,"w":0.7969458699226379},"size":0.8660253882408142,"orthographic":false}