{"cameraMode":{"drawMode":0,"name":"Shaded","section":"Shading Mode"},"sceneLighting":false,"audioPlay":false,"sceneViewState":{"m_AlwaysRefresh":false,"showFog":true,"showSkybox":false,"showFlares":true,"showImageEffects":true,"showParticleSystems":true,"showVisualEffectGraphs":true,"m_FxEnabled":true},"in2DMode":false,"pivot":{"x":0.3271719217300415,"y":0.12450558692216873,"z":-0.18761774897575379},"rotation":{"x":-0.017654109746217729,"y":-0.9465604424476624,"z":0.056087031960487369,"w":-0.31780126690864565},"size":0.56382817029953,"orthographic":false}