{"cameraMode":{"drawMode":0,"name":"Shaded","section":"Shading Mode"},"sceneLighting":false,"audioPlay":false,"sceneViewState":{"m_AlwaysRefresh":false,"showFog":true,"showSkybox":false,"showFlares":true,"showImageEffects":true,"showParticleSystems":true,"showVisualEffectGraphs":true,"m_FxEnabled":true},"in2DMode":false,"pivot":{"x":-5.095173358917236,"y":0.7852394580841065,"z":0.12209640443325043},"rotation":{"x":-0.058676090091466907,"y":-0.702587902545929,"z":0.05830436199903488,"w":-0.706801176071167},"size":0.30260390043258669,"orthographic":false}