{"cameraMode":{"drawMode":0,"name":"Shaded","section":"Shading Mode"},"sceneLighting":false,"audioPlay":false,"sceneViewState":{"m_AlwaysRefresh":false,"showFog":true,"showSkybox":false,"showFlares":true,"showImageEffects":true,"showParticleSystems":true,"showVisualEffectGraphs":true,"m_FxEnabled":true},"in2DMode":false,"pivot":{"x":-1.634490966796875,"y":1.2691457271575928,"z":0.49065738916397097},"rotation":{"x":-0.14787831902503968,"y":-0.7543531656265259,"z":0.18280483782291413,"w":-0.6131826043128967},"size":0.8279971480369568,"orthographic":false}