{"cameraMode":{"drawMode":0,"name":"Shaded","section":"Shading Mode"},"sceneLighting":true,"audioPlay":false,"sceneViewState":{"m_AlwaysRefresh":false,"showFog":true,"showSkybox":true,"showFlares":true,"showImageEffects":true,"showParticleSystems":true,"showVisualEffectGraphs":true,"m_FxEnabled":true},"in2DMode":false,"pivot":{"x":0.3507806360721588,"y":-0.001071262639015913,"z":-0.6291173696517944},"rotation":{"x":-0.11190683394670487,"y":-0.7266887426376343,"z":0.12269918620586395,"w":-0.6668431758880615},"size":0.8660253882408142,"orthographic":false}