{"cameraMode":{"drawMode":0,"name":"Shaded","section":"Shading Mode"},"sceneLighting":true,"audioPlay":false,"sceneViewState":{"m_AlwaysRefresh":false,"showFog":true,"showSkybox":true,"showFlares":true,"showImageEffects":true,"showParticleSystems":true,"showVisualEffectGraphs":true,"m_FxEnabled":true},"in2DMode":false,"pivot":{"x":-0.4062073230743408,"y":1.6840273141860963,"z":0.15181827545166017},"rotation":{"x":0.1919792741537094,"y":0.27098989486694338,"z":-0.05604500696063042,"w":0.9417771697044373},"size":1.1237794160842896,"orthographic":false}