{"cameraMode":{"drawMode":0,"name":"Shaded","section":"Shading Mode"},"sceneLighting":true,"audioPlay":false,"sceneViewState":{"m_AlwaysRefresh":false,"showFog":true,"showSkybox":true,"showFlares":true,"showImageEffects":true,"showParticleSystems":true,"showVisualEffectGraphs":true,"m_FxEnabled":true},"in2DMode":false,"pivot":{"x":1.4774843454360963,"y":2.2058305740356447,"z":-4.4854583740234379},"rotation":{"x":0.24475795030593873,"y":-0.22211073338985444,"z":0.056319430470466617,"w":0.9423580169677734},"size":0.634152352809906,"orthographic":false}