{"cameraMode":{"drawMode":0,"name":"Shaded","section":"Shading Mode"},"sceneLighting":true,"audioPlay":false,"sceneViewState":{"m_AlwaysRefresh":false,"showFog":true,"showSkybox":true,"showFlares":true,"showImageEffects":true,"showParticleSystems":true,"showVisualEffectGraphs":true,"m_FxEnabled":true},"in2DMode":false,"pivot":{"x":-3.5799083709716799,"y":2.9156904220581056,"z":1.5380322933197022},"rotation":{"x":0.042348481714725497,"y":0.9528940916061401,"z":-0.2534312605857849,"w":0.1622803509235382},"size":1.1237794160842896,"orthographic":false}