{"cameraMode":{"drawMode":0,"name":"Shaded","section":"Shading Mode"},"sceneLighting":true,"audioPlay":false,"sceneViewState":{"m_AlwaysRefresh":false,"showFog":true,"showSkybox":true,"showFlares":true,"showImageEffects":true,"showParticleSystems":true,"showVisualEffectGraphs":true,"m_FxEnabled":true},"in2DMode":false,"pivot":{"x":3.3245368003845217,"y":4.126510143280029,"z":-4.214970111846924},"rotation":{"x":0.055711887776851657,"y":-0.06758449971675873,"z":0.0030675260350108148,"w":0.9963265657424927},"size":1.0162791013717652,"orthographic":false}