{"cameraMode":{"drawMode":0,"name":"Shaded","section":"Shading Mode"},"sceneLighting":true,"audioPlay":false,"sceneViewState":{"m_AlwaysRefresh":false,"showFog":true,"showSkybox":true,"showFlares":true,"showImageEffects":true,"showParticleSystems":true,"showVisualEffectGraphs":true,"m_FxEnabled":true},"in2DMode":false,"pivot":{"x":-2.4197909832000734,"y":4.59761381149292,"z":-4.181154251098633},"rotation":{"x":-0.30363529920578005,"y":0.07419029623270035,"z":-0.022469019517302514,"w":-0.9498432278633118},"size":1.1237794160842896,"orthographic":false}