{"cameraMode":{"drawMode":0,"name":"Shaded","section":"Shading Mode"},"sceneLighting":true,"audioPlay":false,"sceneViewState":{"m_AlwaysRefresh":false,"showFog":true,"showSkybox":true,"showFlares":true,"showImageEffects":true,"showParticleSystems":true,"showVisualEffectGraphs":true,"m_FxEnabled":true},"in2DMode":false,"pivot":{"x":-0.44567203521728518,"y":2.171177864074707,"z":-0.2393350601196289},"rotation":{"x":0.10677744448184967,"y":0.30908140540122988,"z":-0.03572487831115723,"w":0.9445466995239258},"size":1.1237794160842896,"orthographic":false}