{"cameraMode":{"drawMode":0,"name":"Shaded","section":"Shading Mode"},"sceneLighting":true,"audioPlay":false,"sceneViewState":{"m_AlwaysRefresh":false,"showFog":true,"showSkybox":true,"showFlares":true,"showImageEffects":true,"showParticleSystems":true,"showVisualEffectGraphs":true,"m_FxEnabled":true},"in2DMode":false,"pivot":{"x":0.007606061175465584,"y":1.5325947999954224,"z":-0.5251161456108093},"rotation":{"x":-0.13213786482810975,"y":-0.6127907633781433,"z":0.10539808869361878,"w":-0.7721705436706543},"size":1.2690786123275757,"orthographic":false}