{"cameraMode":{"drawMode":0,"name":"Shaded","section":"Shading Mode"},"sceneLighting":false,"audioPlay":false,"sceneViewState":{"m_AlwaysRefresh":false,"showFog":true,"showSkybox":false,"showFlares":true,"showImageEffects":true,"showParticleSystems":true,"showVisualEffectGraphs":true,"m_FxEnabled":true},"in2DMode":false,"pivot":{"x":6.552516460418701,"y":6.234680652618408,"z":0.3515303432941437},"rotation":{"x":-0.16587485373020173,"y":0.6770827770233154,"z":-0.16038917005062104,"w":-0.6989409923553467},"size":0.16092070937156678,"orthographic":false}